{
  "mercury": {
    "name": "Mercury",
    "a": 0.38709893,
    "e": 0.20563069,
    "i": 7.00487,
    "node_long": 48.33167,
    "peri_long": 77.45645,
    "L": 252.25084,
    "n": 4.0923507,
    "epoch": "K0011"
  },
  "venus": {
    "name": "Venus",
    "a": 0.72333199,
    "e": 0.00677323,
    "i": 3.39471,
    "node_long": 76.68069,
    "peri_long": 131.53298,
    "L": 181.97973,
    "n": 1.602129051,
    "epoch": "K0011"
  },
  "earth": {
    "name": "Earth",
    "a": 1,
    "e": 0.01671022,
    "i": 0.00005,
    "node_long": -11.26064,
    "peri_long": 102.94719,
    "L": 100.464,
    "n": 0.98564787,
    "epoch": "K0011"
  },
  "mars": {
    "name": "Mars",
    "a": 1.52366,
    "e": 0.09341233,
    "i": 1.85061,
    "node_long": 49.57854,
    "peri_long": 336.04084,
    "L": 355.45332,
    "n": 0.524038,
    "epoch": "K0011"
  },
  "saturn": {
    "name": "Saturn",
    "a": 9.53707032,
    "e": 0.05415060,
    "i": 2.48446,
    "node_long": 113.71504,
    "peri_long": 92.43194,
    "L": 49.94432,
    "n": 0.0334979073,
    "epoch": "K0011"
  },
  "jupiter": {
    "name": "Jupiter",
    "a": 5.20336301,
    "e": 0.04839266,
    "i": 1.30530,
    "node_long": 100.55615,
    "peri_long": 14.75385,
    "L": 34.40438,
    "n": 0.0831294545,
    "epoch": "K0011"
  },
  "uranus": {
    "name": "Uranus",
    "a": 19.19126393,
    "e": 0.04716771,
    "i": 0.76986,
    "node_long": 74.22988,
    "peri_long": 170.96424,
    "L": 313.23218,
    "n": 0.0117690366,
    "epoch": "K0011"
  },
  "neptune": {
    "name": "Neptune",
    "a": 30.06896348,
    "e": 0.00858587,
    "i": 1.76917,
    "node_long": 131.72169,
    "peri_long": 44.97135,
    "L": 304.88003,
    "n": 0.006020077,
    "epoch": "K0011"
  },
  "pluto": {
    "name": "Pluto",
    "a": 39.48168677,
    "e": 0.24880766,
    "i": 17.14175,
    "node_long": 110.30347,
    "peri_long": 224.06676,
    "L": 238.92881,
    "n": 0.003975265,
    "epoch": "K0011"
  },
  "1p/halley": {
    "name": "1P/Halley",
    "a": 17.737,
    "e": 0.96658,
    "i": 161.96,
    "node_long": 59.396,
    "peri_arg": 112.05,
    "M": 0.07323,
    "n": 0.0129963899,
    "epoch": "K618S"
  }
}